data,model,RMSE
Test,LSTM,2.1505563324108294
Test,LSTM,2.254135629518486
Train,LSTM,2.1869910528323135
Train,LSTM,2.1137186259858716
