data,model,RMSE
Train,LSTM,2.1503548394090926
Test,LSTM,2.2023459809646577
Test,7DMA,3.3778638223698167
Train,7DMA,3.749271312706015
